"No. Pengiriman";"Tgl. Pengiriman";"No. PO";"Nama Pelanggan"
"2025/01/0091";30/01/2025;"2W-PR-25-01-478";"FCC INDONESIA PT."
"2025/01/0090";30/01/2025;"C/WH2/YPMI/REG/2025/01/176767";"YAMAHA MOTOR PARTS MANUFACTURING INDONESIA PT."
"2025/01/0089";24/01/2025;"24210153";"CHEMCO HARAPAN NUSANTARA PT."
"2025/01/0087";24/01/2025;"2W-PR-25-01-417";"FCC INDONESIA PT."
"2025/01/0086";24/01/2025;"2W-PR-25-01-416";"FCC INDONESIA PT."
"2025/01/0084";24/01/2025;"24210566";"CHEMCO HARAPAN NUSANTARA PT."
"2025/01/0085";23/01/2025;"ACE-PO00056548";"ASIAN ISUZU CASTING CENTER PT."
"2025/01/0083";23/01/2025;"C/WH2/YPMI/REG/2024/12/176647";"YAMAHA MOTOR PARTS MANUFACTURING INDONESIA PT."
"2025/01/0082";23/01/2025;"C/WH2/YPMI/REG/2024/12/176647";"YAMAHA MOTOR PARTS MANUFACTURING INDONESIA PT."
"2025/01/0080";23/01/2025;"6100035109";"AISIN INDONESIA AUTOMOTIVE PT."
"2025/01/0081";22/01/2025;"271/I/C1/PC/AIM/25";"ASAMA INDONESIA MANUFACTURING PT."
"2025/01/0079";21/01/2025;"C/WH2/YPMI/REG/2024/12/175763";"YAMAHA MOTOR PARTS MANUFACTURING INDONESIA PT."
"2025/01/0078";21/01/2025;"C/WH2/YPMI/REG/2025/01/176767";"YAMAHA MOTOR PARTS MANUFACTURING INDONESIA PT."
"2025/01/0077";21/01/2025;"C/WH2/YPMI/REG/2024/12/176647";"YAMAHA MOTOR PARTS MANUFACTURING INDONESIA PT."
"2025/01/0076";20/01/2025;"24211431";"CHEMCO HARAPAN NUSANTARA PT."
"2025/01/0075";20/01/2025;"24211405";"CHEMCO HARAPAN NUSANTARA PT."
"2025/01/0074";17/01/2025;"2W-PR-25-01-174";"FCC INDONESIA PT."
"2025/01/0073";17/01/2025;"C/WH2/YPMI/REG/2025/01/176758";"YAMAHA MOTOR PARTS MANUFACTURING INDONESIA PT."
"2025/01/0072";17/01/2025;"2W-PR-25-01-241";"FCC INDONESIA PT."
"2025/01/0071";17/01/2025;"24211200";"CHEMCO HARAPAN NUSANTARA PT."
"2025/01/0070";16/01/2025;"24210718";"CHEMCO HARAPAN NUSANTARA PT."
"2025/01/0069";16/01/2025;"1301-X-TRI-2024";"TOKAI RIKA INDONESIA PT."
"2025/01/0068";16/01/2025;"023/HRD/MI/I/25";"MARUICHI INDONESIA PT."
"2025/01/0067";16/01/2025;"0048-I-TRI-2025";"TOKAI RIKA INDONESIA PT."
"2025/01/0066";16/01/2025;"ACE-PO00056548";"ASIAN ISUZU CASTING CENTER PT."
"2025/01/0065";15/01/2025;"24701941";"CHEMCO HARAPAN NUSANTARA PT."
"2025/01/0064";15/01/2025;"24210013";"CHEMCO HARAPAN NUSANTARA PT."
"2025/01/0063";15/01/2025;"24211431";"CHEMCO HARAPAN NUSANTARA PT."
"2025/01/0062";15/01/2025;"2W-PR-25-01-119";"FCC INDONESIA PT."
"2025/01/0061";15/01/2025;"2W-PR-25-01-118";"FCC INDONESIA PT."
"2025/01/0060";15/01/2025;"4W-PR-25-01-121";"FCC INDONESIA PT."
"2025/01/0059";15/01/2025;"4W-PR-25-01-120";"FCC INDONESIA PT."
"2025/01/0058";15/01/2025;"2W-PR-25-01-045";"FCC INDONESIA PT."
"2025/01/0057";15/01/2025;"2025/AMMM/0001/PUR1";"AISAN NASMOCO INDUSTRI PT."
"2025/01/0056";15/01/2025;"C/WH2/YPMI/REG/2024/12/176647";"YAMAHA MOTOR PARTS MANUFACTURING INDONESIA PT."
"2025/01/0055";14/01/2025;"24702724";"CHEMCO HARAPAN NUSANTARA PT."
"2025/01/0054";14/01/2025;"24702778";"CHEMCO HARAPAN NUSANTARA PT."
"2025/01/0053";14/01/2025;"24701940";"CHEMCO HARAPAN NUSANTARA PT."
"2025/01/0052";14/01/2025;"24211731";"CHEMCO HARAPAN NUSANTARA PT."
"2025/01/0051";13/01/2025;"25700049";"CHEMCO HARAPAN NUSANTARA PT."
"2025/01/0050";13/01/2025;"24702832";"CHEMCO HARAPAN NUSANTARA PT."
"2025/01/0049";13/01/2025;"24702573";"CHEMCO HARAPAN NUSANTARA PT."
"2025/01/0048";13/01/2025;"24210736";"CHEMCO HARAPAN NUSANTARA PT."
"2025/01/0047.";13/01/2025;"C/WH2/YPMI/REG/2024/11/175467";"YAMAHA MOTOR PARTS MANUFACTURING INDONESIA PT."
"2025/01/0047";13/01/2025;"24211367";"CHEMCO HARAPAN NUSANTARA PT."
"2025/01/0046.";13/01/2025;"C/WH2/YPMI/REG/2024/12/175763";"YAMAHA MOTOR PARTS MANUFACTURING INDONESIA PT."
"2025/01/0046";13/01/2025;"24211405";"CHEMCO HARAPAN NUSANTARA PT."
"2025/01/0045";13/01/2025;"C/WH2/YPMI/REG/2024/11/175467";"YAMAHA MOTOR PARTS MANUFACTURING INDONESIA PT."
"2025/01/0044";13/01/2025;"C/WH2/YPMI/REG/2025/01/176767";"YAMAHA MOTOR PARTS MANUFACTURING INDONESIA PT."
"2025/01/0043";13/01/2025;"C/WH2/YPMI/REG/2024/12/176647";"YAMAHA MOTOR PARTS MANUFACTURING INDONESIA PT."
"2025/01/0042";13/01/2025;"C/WH2/YPMI/REG/2025/01/176758";"YAMAHA MOTOR PARTS MANUFACTURING INDONESIA PT."
"2025/01/0041";10/01/2025;"2W-PR-25-01-046";"FCC INDONESIA PT."
"2025/01/0039";10/01/2025;"25200158";"CHEMCO HARAPAN NUSANTARA PT."
"2025/01/0038";10/01/2025;"2024/AMMM/0021/PUR1";"AISAN NASMOCO INDUSTRI PT."
"2025/01/0037";10/01/2025;"I/1/2025/A127/0540";"PAKARTI RIKEN INDONESIA PT."
"2025/01/0036";10/01/2025;"N/1/2025/A127/0545";"PAKARTI RIKEN INDONESIA PT."
"2025/01/0035";10/01/2025;"N/1/2025/A127/0542";"PAKARTI RIKEN INDONESIA PT."
"2025/01/0034";10/01/2025;"N/1/2025/A127/0541";"PAKARTI RIKEN INDONESIA PT."
"2025/01/0033";09/01/2025;"C/WH2/YPMI/REG/2025/01/176758";"YAMAHA MOTOR PARTS MANUFACTURING INDONESIA PT."
"2025/01/0031";08/01/2025;"24702843";"CHEMCO HARAPAN NUSANTARA PT."
"2025/01/0030";08/01/2025;"24702843";"CHEMCO HARAPAN NUSANTARA PT."
"2025/01/0029";08/01/2025;"24211179";"CHEMCO HARAPAN NUSANTARA PT."
"2025/01/0028";08/01/2025;"24211367";"CHEMCO HARAPAN NUSANTARA PT."
"2025/01/0027";08/01/2025;"24211175";"CHEMCO HARAPAN NUSANTARA PT."
"2025/01/0026";08/01/2025;"24211431";"CHEMCO HARAPAN NUSANTARA PT."
"2025/01/0025";08/01/2025;"24211405";"CHEMCO HARAPAN NUSANTARA PT."
"2025/01/0024";08/01/2025;"24702557";"CHEMCO HARAPAN NUSANTARA PT."
"2025/01/0023";08/01/2025;"24702557";"CHEMCO HARAPAN NUSANTARA PT."
"2025/01/0022";08/01/2025;"24211516";"CHEMCO HARAPAN NUSANTARA PT."
"2025/01/0021";08/01/2025;"24211464";"CHEMCO HARAPAN NUSANTARA PT."
"2025/01/0020";08/01/2025;"24211431";"CHEMCO HARAPAN NUSANTARA PT."
"2025/01/0019";08/01/2025;"24211405";"CHEMCO HARAPAN NUSANTARA PT."
"2025/01/0018";08/01/2025;"24208219";"CHEMCO HARAPAN NUSANTARA PT."
"2025/01/0017";08/01/2025;"24210674";"CHEMCO HARAPAN NUSANTARA PT."
"2025/01/0016";08/01/2025;"24211250";"CHEMCO HARAPAN NUSANTARA PT."
"2025/01/0015";08/01/2025;"24211367";"CHEMCO HARAPAN NUSANTARA PT."
"2025/01/0014";08/01/2025;"2W-PR-25-01-016";"FCC INDONESIA PT."
"2025/01/0013";08/01/2025;"2W-PR-25-01-015";"FCC INDONESIA PT."
"2025/01/0012";08/01/2025;"24211367";"CHEMCO HARAPAN NUSANTARA PT."
"2025/01/0010";07/01/2025;"3212/PO-CONS/MKI/XII/2024";"MEIWA KOGYO INDONESIA PT."
"2025/01/0032";06/01/2025;"051/I/C1/PC/AIM/25";"ASAMA INDONESIA MANUFACTURING PT."
"2025/01/0011";06/01/2025;"051/I/C1/PC/AIM/25";"ASAMA INDONESIA MANUFACTURING PT."
"2025/01/0007";06/01/2025;"CMWI-0611/PO-XII/24";"CENTRAL MOTOR WHEEL INDONESIA PT."
"2025/01/0006.";06/01/2025;"C/WH2/YPMI/REG/2024/11/175467";"YAMAHA MOTOR PARTS MANUFACTURING INDONESIA PT."
"2025/01/0006";06/01/2025;"CMWI/0473/PO-XII/24";"CENTRAL MOTOR WHEEL INDONESIA PT."
"2025/01/0009";03/01/2025;"24210714";"CHEMCO HARAPAN NUSANTARA PT."
"2025/01/0008";03/01/2025;"24702558";"CHEMCO HARAPAN NUSANTARA PT."
"2025/01/0005";03/01/2025;"I/12/2024/A127/1443";"PAKARTI RIKEN INDONESIA PT."
"2025/01/0004";03/01/2025;"N/12/2024/A127/1442";"PAKARTI RIKEN INDONESIA PT."
"2025/01/0003";03/01/2025;"N/12/2024/A127/1441";"PAKARTI RIKEN INDONESIA PT."
"2025/01/0002";02/01/2025;"4030095764";"ASTRA DAIHATSU MOTOR PT."
"2025/01/0001";02/01/2025;"4030095683";"ASTRA DAIHATSU MOTOR PT."
